{"cameraMode":{"drawMode":0,"name":"Shaded","section":"Shading Mode"},"sceneLighting":true,"audioPlay":false,"sceneViewState":{"showFog":true,"showMaterialUpdate":false,"showSkybox":true,"showFlares":true,"showImageEffects":true,"showParticleSystems":true},"in2DMode":false,"pivot":{"x":155.3000030517578,"y":52.50001525878906,"z":0.0},"rotation":{"x":0.0636577233672142,"y":0.11800958961248398,"z":0.00800645537674427,"w":-0.9911373257637024},"size":256.0053405761719,"orthographic":true}